Benchmark,MCell3,MCell4,MCell3/MCell4
CaMKII Holoenzyme,53625.778073,17193.5,3.1189
CaMKII Monomer,224.550784,21.3375,10.52376258
SynGAP with TARP,487.276863,13.8517,35.17812709
